name,ra,decl,url,origin
313853517460144141,148.61201,1.609392,https://lasair.lsst.ac.uk/objects/313853517460144141
313871015593115719,151.34058,2.800159,https://lasair.lsst.ac.uk/objects/313871015593115719
313980947917701210,150.03077,2.288768,https://lasair.lsst.ac.uk/objects/313980947917701210
170046089966649453,149.84638,1.000114,https://lasair.lsst.ac.uk/objects/170046089966649453
170046089955115093,151.10824,2.695888,https://lasair.lsst.ac.uk/objects/170046089955115093
170046089970843674,150.13080,1.270188,https://lasair.lsst.ac.uk/objects/170046089970843674
170046089939910755,149.30032,2.046758,https://lasair.lsst.ac.uk/objects/170046089939910755
170046090772480151,149.44066,1.142680,https://lasair.lsst.ac.uk/objects/170046090772480151
170046089926803498,150.14470,3.090170,https://lasair.lsst.ac.uk/objects/170046089926803498
170046089986048053,150.18585,0.984868,https://lasair.lsst.ac.uk/objects/170046089986048053
170046090783490161,150.63803,2.043562,https://lasair.lsst.ac.uk/objects/170046090783490161
170046093185777723,150.69342,0.782813,https://lasair.lsst.ac.uk/objects/170046093185777723
170046093157466619,149.05181,3.539851,https://lasair.lsst.ac.uk/objects/170046093157466619
170046093170573326,149.56250,2.417198,https://lasair.lsst.ac.uk/objects/170046093170573326
170046093215662127,151.53247,2.256879,https://lasair.lsst.ac.uk/objects/170046093215662127
170046093351976968,150.98151,3.464583,https://lasair.lsst.ac.uk/objects/170046093351976968
170046093180534876,149.87269,3.335689,https://lasair.lsst.ac.uk/objects/170046093180534876
170046100168245348,150.64641,1.405067,https://lasair.lsst.ac.uk/objects/170046100168245348
170046093174243412,149.68343,2.774486,https://lasair.lsst.ac.uk/objects/170046093174243412
170046093299548220,149.95390,1.661058,https://lasair.lsst.ac.uk/objects/170046093299548220
170046093215662151,151.54787,2.363025,https://lasair.lsst.ac.uk/objects/170046093215662151
170046093142261766,148.89109,1.696729,https://lasair.lsst.ac.uk/objects/170046093142261766
170046094067106217,149.05084,3.540053,https://lasair.lsst.ac.uk/objects/170046094067106217
170046093206224996,150.73104,3.686891,https://lasair.lsst.ac.uk/objects/170046093206224996
170046092739084346,149.29976,2.047026,https://lasair.lsst.ac.uk/objects/170046092739084346
170046100138360882,149.29111,3.553772,https://lasair.lsst.ac.uk/objects/170046100138360882
170046100329725965,151.20848,2.884245,https://lasair.lsst.ac.uk/objects/170046100329725965
170046100182401137,150.38093,3.553522,https://lasair.lsst.ac.uk/objects/170046100182401137
170046101267152945,151.20768,2.884615,https://lasair.lsst.ac.uk/objects/170046101267152945
170046100309803012,150.57263,2.322815,https://lasair.lsst.ac.uk/objects/170046100309803012
170046100155138131,149.94513,2.675891,https://lasair.lsst.ac.uk/objects/170046100155138131
170046100147798023,150.22568,1.451312,https://lasair.lsst.ac.uk/objects/170046100147798023
170046100787953670,149.90422,0.866499,https://lasair.lsst.ac.uk/objects/170046100787953670
170046101138702339,150.97385,3.466866,https://lasair.lsst.ac.uk/objects/170046101138702339
170046100681523275,150.31013,1.910114,https://lasair.lsst.ac.uk/objects/170046100681523275
170046100964639031,149.23430,3.650803,https://lasair.lsst.ac.uk/objects/170046100964639031
170046100600258588,150.93482,3.019236,https://lasair.lsst.ac.uk/objects/170046100600258588
170046100974075932,150.67345,1.934059,https://lasair.lsst.ac.uk/objects/170046100974075932
170046100933181593,149.42311,2.200132,https://lasair.lsst.ac.uk/objects/170046100933181593
170046100797390861,149.35038,2.216499,https://lasair.lsst.ac.uk/objects/170046100797390861
170046104181145689,150.49625,2.879174,https://lasair.lsst.ac.uk/objects/170046104181145689
170046102789160993,148.89485,2.374089,https://lasair.lsst.ac.uk/objects/170046102789160993
170046102790733882,148.99154,3.232609,https://lasair.lsst.ac.uk/objects/170046102790733882
170046103130472559,150.66045,2.520184,https://lasair.lsst.ac.uk/objects/170046103130472559
170046104140775509,149.56599,3.290821,https://lasair.lsst.ac.uk/objects/170046104140775509
170046104871632926,150.82243,1.716033,https://lasair.lsst.ac.uk/objects/170046104871632926
170046104195825729,149.83075,1.045458,https://lasair.lsst.ac.uk/objects/170046104195825729
170046100131545216,149.34412,2.488995,https://lasair.lsst.ac.uk/objects/170046100131545216
170046104818679956,149.28698,2.060268,https://lasair.lsst.ac.uk/objects/170046104818679956
170046104866914431,150.66570,1.150948,https://lasair.lsst.ac.uk/objects/170046104866914431
170046105001132047,150.17266,0.996924,https://lasair.lsst.ac.uk/objects/170046105001132047
170046104975966231,149.38454,1.511904,https://lasair.lsst.ac.uk/objects/170046104975966231
170046104197922899,150.17322,0.996415,https://lasair.lsst.ac.uk/objects/170046104197922899
170046104151261221,149.29841,2.192906,https://lasair.lsst.ac.uk/objects/170046104151261221
170046105013715085,151.15065,3.015835,https://lasair.lsst.ac.uk/objects/170046105013715085
170046104985403420,150.01677,2.676074,https://lasair.lsst.ac.uk/objects/170046104985403420
170046105023676427,151.11540,1.788530,https://lasair.lsst.ac.uk/objects/170046105023676427
170046104813961244,148.87880,1.699835,https://lasair.lsst.ac.uk/objects/170046104813961244
170046104870060069,150.70836,1.984288,https://lasair.lsst.ac.uk/objects/170046104870060069
170046105000083562,150.22116,1.451663,https://lasair.lsst.ac.uk/objects/170046105000083562
170046105255411885,150.23556,2.479616,https://lasair.lsst.ac.uk/objects/170046105255411885
170046104870584382,150.73732,2.016125,https://lasair.lsst.ac.uk/objects/170046104870584382
170046104870060095,150.72704,1.971077,https://lasair.lsst.ac.uk/objects/170046104870060095
170046105361318012,149.37792,2.547870,https://lasair.lsst.ac.uk/objects/170046105361318012
170046105148981364,150.96980,3.468070,https://lasair.lsst.ac.uk/objects/170046105148981364
170046104963907669,149.87178,3.226182,https://lasair.lsst.ac.uk/objects/170046104963907669
170046105228148813,149.39112,2.601997,https://lasair.lsst.ac.uk/objects/170046105228148813
170046104744755234,151.52320,2.825184,https://lasair.lsst.ac.uk/objects/170046104744755234
170050489653657620,150.99132,1.228395,https://lasair.lsst.ac.uk/objects/170050489653657620
170050488529059914,149.28337,1.912417,https://lasair.lsst.ac.uk/objects/170050488529059914
170050488148426906,149.55108,1.383445,https://lasair.lsst.ac.uk/objects/170050488148426906
170050487622565989,150.94293,1.323711,https://lasair.lsst.ac.uk/objects/170050487622565989
170028518305431682,150.05320,3.170472,https://lasair.lsst.ac.uk/objects/170028518305431682
170050488424726535,150.18280,1.538679,https://lasair.lsst.ac.uk/objects/170050488424726535
170050488424726546,150.19439,1.525360,https://lasair.lsst.ac.uk/objects/170050488424726546
170050494409474169,149.21026,1.602610,https://lasair.lsst.ac.uk/objects/170050494409474169
170050490412302376,150.03745,2.075642,https://lasair.lsst.ac.uk/objects/170050490412302376
170050494556799114,150.26331,3.570631,https://lasair.lsst.ac.uk/objects/170050494556799114
170050490499334359,149.04989,3.445950,https://lasair.lsst.ac.uk/objects/170050490499334359
170050492430811229,150.54943,2.763357,https://lasair.lsst.ac.uk/objects/170050492430811229
170050491627077736,150.54907,2.600216,https://lasair.lsst.ac.uk/objects/170050491627077736
313862203208892561,149.76262,1.716794,https://lasair.lsst.ac.uk/objects/313862203208892561
170050492141405165,149.61887,3.695443,https://lasair.lsst.ac.uk/objects/170050492141405165
170050496475168786,150.70073,2.080695,https://lasair.lsst.ac.uk/objects/170050496475168786
170050491631271989,150.77635,3.046641,https://lasair.lsst.ac.uk/objects/170050491631271989
170050495761088620,150.01187,3.123095,https://lasair.lsst.ac.uk/objects/170050495761088620
170050496451051602,150.05567,2.212853,https://lasair.lsst.ac.uk/objects/170050496451051602
170050495760040003,149.81653,2.369503,https://lasair.lsst.ac.uk/objects/170050495760040003
170050495754272846,149.06868,1.697794,https://lasair.lsst.ac.uk/objects/170050495754272846
170050494683676770,149.54907,2.319740,https://lasair.lsst.ac.uk/objects/170050494683676770
170050501691834568,150.00854,3.123912,https://lasair.lsst.ac.uk/objects/170050501691834568
170050495740641387,149.18140,2.690499,https://lasair.lsst.ac.uk/objects/170050495740641387
170050495656230976,150.85421,3.039633,https://lasair.lsst.ac.uk/objects/170050495656230976
170050495688736868,150.84795,1.416641,https://lasair.lsst.ac.uk/objects/170050495688736868
170050498581233849,150.08242,3.276519,https://lasair.lsst.ac.uk/objects/170050498581233849
170050497690992798,151.33769,2.283779,https://lasair.lsst.ac.uk/objects/170050497690992798
170050498641526843,151.53291,2.155755,https://lasair.lsst.ac.uk/objects/170050498641526843
170050497638039568,149.32481,2.497667,https://lasair.lsst.ac.uk/objects/170050497638039568
170050499690627106,149.65619,1.331608,https://lasair.lsst.ac.uk/objects/170050499690627106
170050501714903068,150.55553,2.855600,https://lasair.lsst.ac.uk/objects/170050501714903068
170050501646745665,148.71354,2.483003,https://lasair.lsst.ac.uk/objects/170050501646745665
170050501693407396,150.25255,2.941347,https://lasair.lsst.ac.uk/objects/170050501693407396
170050501828673628,149.71026,3.131793,https://lasair.lsst.ac.uk/objects/170050501828673628
170050501698125914,150.16936,3.642010,https://lasair.lsst.ac.uk/objects/170050501698125914
170050502498189416,150.38143,2.535308,https://lasair.lsst.ac.uk/objects/170050502498189416
170050502648135698,150.84466,2.431739,https://lasair.lsst.ac.uk/objects/170050502648135698
170050501987008558,150.25653,3.572158,https://lasair.lsst.ac.uk/objects/170050501987008558
170054942055202835,150.96026,0.934805,https://lasair.lsst.ac.uk/objects/170054942055202835
313888627100745732,150.58089,1.074304,https://lasair.lsst.ac.uk/objects/313888627100745732
170054942150623328,150.33183,2.266582,https://lasair.lsst.ac.uk/objects/170054942150623328
170054942654464093,149.25569,2.275871,https://lasair.lsst.ac.uk/objects/170054942654464093
170054942681727002,150.19644,2.743735,https://lasair.lsst.ac.uk/objects/170054942681727002
170054942850547748,151.45860,2.662469,https://lasair.lsst.ac.uk/objects/170054942850547748
170054941979705429,148.74205,2.034252,https://lasair.lsst.ac.uk/objects/170054941979705429
170054941995958365,150.55457,3.277890,https://lasair.lsst.ac.uk/objects/170054941995958365
170054941975511177,149.88220,3.155799,https://lasair.lsst.ac.uk/objects/170054941975511177
170054941997531263,150.76593,3.099109,https://lasair.lsst.ac.uk/objects/170054941997531263
170054942006444157,149.63002,1.910265,https://lasair.lsst.ac.uk/objects/170054942006444157
170054942294802552,149.29677,0.795549,https://lasair.lsst.ac.uk/objects/170054942294802552
170054942397038643,150.27796,2.736250,https://lasair.lsst.ac.uk/objects/170054942397038643
170054942810701878,149.29243,1.665837,https://lasair.lsst.ac.uk/objects/170054942810701878
170054942818041963,150.24307,2.239090,https://lasair.lsst.ac.uk/objects/170054942818041963
170054942840062061,150.55897,1.900620,https://lasair.lsst.ac.uk/objects/170054942840062061
170054943093293066,150.56388,3.558958,https://lasair.lsst.ac.uk/objects/170054943093293066
170054941967122551,149.17618,2.765109,https://lasair.lsst.ac.uk/objects/170054941967122551
170054942006444055,149.55612,2.081260,https://lasair.lsst.ac.uk/objects/170054942006444055
170054942034231338,150.17766,1.568504,https://lasair.lsst.ac.uk/objects/170054942034231338
170054942779244549,149.20595,3.486109,https://lasair.lsst.ac.uk/objects/170054942779244549
170054942951211031,149.82488,2.192552,https://lasair.lsst.ac.uk/objects/170054942951211031
170046118383583300,149.81963,1.623196,https://lasair.lsst.ac.uk/objects/170046118383583300
170054942955929720,150.42865,2.687381,https://lasair.lsst.ac.uk/objects/170054942955929720
170054942813323285,149.70960,1.920124,https://lasair.lsst.ac.uk/objects/170054942813323285
170054942830624811,149.52257,0.975753,https://lasair.lsst.ac.uk/objects/170054942830624811
170054942951211053,149.82889,2.125274,https://lasair.lsst.ac.uk/objects/170054942951211053
170054942814896162,149.83497,1.688902,https://lasair.lsst.ac.uk/objects/170054942814896162
170054943900172349,150.55316,3.278202,https://lasair.lsst.ac.uk/objects/170054943900172349
170054943062884468,149.88172,3.155923,https://lasair.lsst.ac.uk/objects/170054943062884468
170054943627542558,150.39324,2.635995,https://lasair.lsst.ac.uk/objects/170054943627542558
170054943759663144,149.82401,2.491433,https://lasair.lsst.ac.uk/objects/170054943759663144
170054943668437016,151.31485,1.921921,https://lasair.lsst.ac.uk/objects/170054943668437016
170054943578259606,148.63046,2.718166,https://lasair.lsst.ac.uk/objects/170054943578259606
170054943613386986,149.29565,0.795856,https://lasair.lsst.ac.uk/objects/170054943613386986
170054943934251156,151.44852,1.724922,https://lasair.lsst.ac.uk/objects/170054943934251156
170054943763857455,150.47952,2.696007,https://lasair.lsst.ac.uk/objects/170054943763857455
170054944158122050,149.96323,2.346223,https://lasair.lsst.ac.uk/objects/170054944158122050
170054943866617933,149.27569,2.868714,https://lasair.lsst.ac.uk/objects/170054943866617933
170054943900172377,150.58383,3.227246,https://lasair.lsst.ac.uk/objects/170054943900172377
170054944133480508,149.55427,2.082122,https://lasair.lsst.ac.uk/objects/170054944133480508
170054945071956134,149.81830,1.623243,https://lasair.lsst.ac.uk/objects/170054945071956134
170054944809812067,149.05005,2.808435,https://lasair.lsst.ac.uk/objects/170054944809812067
170054944940884055,149.62737,2.306195,https://lasair.lsst.ac.uk/objects/170054944940884055
170054944134529095,149.23991,2.528635,https://lasair.lsst.ac.uk/objects/170054944134529095
170054944649904212,148.71703,2.344423,https://lasair.lsst.ac.uk/objects/170054944649904212
170054944691847184,149.96091,1.853084,https://lasair.lsst.ac.uk/objects/170054944691847184
170054945616691318,150.42746,2.688229,https://lasair.lsst.ac.uk/objects/170054945616691318
170054946004664393,148.86036,1.279258,https://lasair.lsst.ac.uk/objects/170054946004664393
170054946036121619,150.17159,1.629286,https://lasair.lsst.ac.uk/objects/170054946036121619
170054946036646028,149.95949,1.853476,https://lasair.lsst.ac.uk/objects/170054946036646028
170054946042937382,150.29139,2.500859,https://lasair.lsst.ac.uk/objects/170054946042937382
170054946038743125,150.22954,2.147452,https://lasair.lsst.ac.uk/objects/170054946038743125
170054946017771595,149.52826,2.787343,https://lasair.lsst.ac.uk/objects/170054946017771595
170054946951528450,149.70888,1.820925,https://lasair.lsst.ac.uk/objects/170054946951528450
170054946970927144,150.48329,1.230522,https://lasair.lsst.ac.uk/objects/170054946970927144
170054947810312277,150.73367,1.803686,https://lasair.lsst.ac.uk/objects/170054947810312277
170054947508322370,149.81180,1.350786,https://lasair.lsst.ac.uk/objects/170054947508322370
170054947383017542,150.42657,2.688857,https://lasair.lsst.ac.uk/objects/170054947383017542
170054948820615274,149.52806,3.470197,https://lasair.lsst.ac.uk/objects/170054948820615274
170054948881956973,150.51464,1.443647,https://lasair.lsst.ac.uk/objects/170054948881956973
170054948319395946,150.42616,2.689154,https://lasair.lsst.ac.uk/objects/170054948319395946
170054948483498015,151.12644,2.072465,https://lasair.lsst.ac.uk/objects/170054948483498015
170054948606705789,149.99653,1.587918,https://lasair.lsst.ac.uk/objects/170054948606705789
170054950736887851,150.39213,2.717008,https://lasair.lsst.ac.uk/objects/170054950736887851
170054951130628106,149.29008,1.204146,https://lasair.lsst.ac.uk/objects/170054951130628106
170054951005323301,150.42484,2.690093,https://lasair.lsst.ac.uk/objects/170054951005323301
170054951311507481,150.57176,1.074509,https://lasair.lsst.ac.uk/objects/170054951311507481
170054951783890976,149.10295,2.218033,https://lasair.lsst.ac.uk/objects/170054951783890976
170054951946944542,150.26773,2.735307,https://lasair.lsst.ac.uk/objects/170054951946944542
170054951768162329,149.41038,3.501376,https://lasair.lsst.ac.uk/objects/170054951768162329
170054951788609575,149.78932,2.595731,https://lasair.lsst.ac.uk/objects/170054951788609575
170054951838416922,150.72988,1.804366,https://lasair.lsst.ac.uk/objects/170054951838416922
170054951965818961,149.99399,1.588715,https://lasair.lsst.ac.uk/objects/170054951965818961
170054953017540656,150.14518,2.304659,https://lasair.lsst.ac.uk/objects/170054953017540656
170054952901673031,149.99336,1.588905,https://lasair.lsst.ac.uk/objects/170054952901673031
170054954323018213,148.92227,3.482544,https://lasair.lsst.ac.uk/objects/170054954323018213
170054954059300879,149.28668,1.050251,https://lasair.lsst.ac.uk/objects/170054954059300879
170054954072932400,149.52007,2.789438,https://lasair.lsst.ac.uk/objects/170054954072932400
170054954072932496,149.66416,2.832680,https://lasair.lsst.ac.uk/objects/170054954072932496
170054954098098199,150.42338,2.691115,https://lasair.lsst.ac.uk/objects/170054954098098199
170054954113302592,150.58545,1.876617,https://lasair.lsst.ac.uk/objects/170054954113302592
170054954189324348,148.95040,2.789674,https://lasair.lsst.ac.uk/objects/170054954189324348
170054954229694472,149.87596,3.157355,https://lasair.lsst.ac.uk/objects/170054954229694472
170054954935386143,151.33270,2.212059,https://lasair.lsst.ac.uk/objects/170054954935386143
170054954994106866,148.69293,3.024900,https://lasair.lsst.ac.uk/objects/170054954994106866
170032901867438158,150.54948,1.414611,https://lasair.lsst.ac.uk/objects/170032901867438158
170054954895016083,149.81920,2.127551,https://lasair.lsst.ac.uk/objects/170054954895016083
170054954111205412,150.79203,1.409763,https://lasair.lsst.ac.uk/objects/170054954111205412
170054954890821695,149.80960,1.624109,https://lasair.lsst.ac.uk/objects/170054954890821695
170054954896064583,149.62515,2.503326,https://lasair.lsst.ac.uk/objects/170054954896064583
170054954899734700,149.73268,2.659462,https://lasair.lsst.ac.uk/objects/170054954899734700
170054954926473301,150.73153,2.927188,https://lasair.lsst.ac.uk/objects/170054954926473301
170054954751361048,150.08710,0.912955,https://lasair.lsst.ac.uk/objects/170054954751361048
170054956095111185,148.94634,1.140658,https://lasair.lsst.ac.uk/objects/170054956095111185
170054955685118063,150.38208,2.642500,https://lasair.lsst.ac.uk/objects/170054955685118063
170054955675156538,149.05111,1.949605,https://lasair.lsst.ac.uk/objects/170054955675156538
170054955570298929,149.88266,2.710646,https://lasair.lsst.ac.uk/objects/170054955570298929
170054955674107944,149.01762,2.263778,https://lasair.lsst.ac.uk/objects/170054955674107944
170054955947262043,149.62794,2.779954,https://lasair.lsst.ac.uk/objects/170054955947262043
170054955974000763,150.42255,2.691713,https://lasair.lsst.ac.uk/objects/170054955974000763
170054955947262047,149.62436,2.773900,https://lasair.lsst.ac.uk/objects/170054955947262047
170054956079906885,149.66253,2.833585,https://lasair.lsst.ac.uk/objects/170054956079906885
170054955982389307,151.41020,3.001569,https://lasair.lsst.ac.uk/objects/170054955982389307
170054955971903539,149.91076,1.882052,https://lasair.lsst.ac.uk/objects/170054955971903539
170054955731779602,150.79090,1.410761,https://lasair.lsst.ac.uk/objects/170054955731779602
170054955840831527,150.26064,2.408765,https://lasair.lsst.ac.uk/objects/170054955840831527
170054955700322442,149.69742,1.925048,https://lasair.lsst.ac.uk/objects/170054955700322442
170054955728633952,150.72616,1.805036,https://lasair.lsst.ac.uk/objects/170054955728633952
170054955662573718,149.57817,3.521128,https://lasair.lsst.ac.uk/objects/170054955662573718
170054955687739539,150.78545,3.136060,https://lasair.lsst.ac.uk/objects/170054955687739539
170054955862851675,150.54911,1.905296,https://lasair.lsst.ac.uk/objects/170054955862851675
170054955726536768,150.50972,1.446415,https://lasair.lsst.ac.uk/objects/170054955726536768
170054955267260449,149.51296,0.978480,https://lasair.lsst.ac.uk/objects/170054955267260449
170054955118362644,148.97583,1.394125,https://lasair.lsst.ac.uk/objects/170054955118362644
170054955676729444,149.39224,2.668625,https://lasair.lsst.ac.uk/objects/170054955676729444
170054955819335772,150.18633,2.754668,https://lasair.lsst.ac.uk/objects/170054955819335772
170054956638797970,149.79523,1.492191,https://lasair.lsst.ac.uk/objects/170054956638797970
170054957019955264,149.57572,3.177282,https://lasair.lsst.ac.uk/objects/170054957019955264
170054957021003841,149.66176,2.834023,https://lasair.lsst.ac.uk/objects/170054957021003841
170054957045645317,150.32311,2.267315,https://lasair.lsst.ac.uk/objects/170054957045645317
170054957159415937,149.87455,3.157703,https://lasair.lsst.ac.uk/objects/170054957159415937
170054956242960521,150.71060,2.976020,https://lasair.lsst.ac.uk/objects/170054956242960521
170054956397625478,151.11935,2.076275,https://lasair.lsst.ac.uk/objects/170054956397625478
170054956401295388,151.11969,2.333053,https://lasair.lsst.ac.uk/objects/170054956401295388
170054956124471306,150.30660,1.350968,https://lasair.lsst.ac.uk/objects/170054956124471306
170054956512444446,150.42684,2.699772,https://lasair.lsst.ac.uk/objects/170054956512444446
170054956769869857,149.54212,2.087793,https://lasair.lsst.ac.uk/objects/170054956769869857
170054956885213280,149.16476,2.775064,https://lasair.lsst.ac.uk/objects/170054956885213280
170054956525027438,149.87381,1.229201,https://lasair.lsst.ac.uk/objects/170054956525027438
170054956612583551,149.08914,2.490883,https://lasair.lsst.ac.uk/objects/170054956612583551
170054956614156378,149.15664,2.226245,https://lasair.lsst.ac.uk/objects/170054956614156378
170054956668682392,150.88983,2.537931,https://lasair.lsst.ac.uk/objects/170054956668682392
170054956753092630,149.67855,3.208581,https://lasair.lsst.ac.uk/objects/170054956753092630
170054956798705705,150.66442,2.544180,https://lasair.lsst.ac.uk/objects/170054956798705705
170054955947261994,149.51824,2.789907,https://lasair.lsst.ac.uk/objects/170054955947261994
170054956485181534,149.61638,2.306923,https://lasair.lsst.ac.uk/objects/170054956485181534
170054956520833143,149.66865,0.931470,https://lasair.lsst.ac.uk/objects/170054956520833143
170054957003177988,149.04272,2.865000,https://lasair.lsst.ac.uk/objects/170054957003177988
170054954066640959,149.23205,2.080824,https://lasair.lsst.ac.uk/objects/170054954066640959
170054956386615335,149.78818,1.264257,https://lasair.lsst.ac.uk/objects/170054956386615335
170054958127775842,150.40463,3.447624,https://lasair.lsst.ac.uk/objects/170054958127775842
170054958129872899,150.52725,3.607080,https://lasair.lsst.ac.uk/objects/170054958129872899
170054958155038789,151.27300,1.389373,https://lasair.lsst.ac.uk/objects/170054958155038789
170054958263566437,150.54880,3.560821,https://lasair.lsst.ac.uk/objects/170054958263566437
170054958085308705,149.28176,0.799591,https://lasair.lsst.ac.uk/objects/170054958085308705
170054958087405600,149.51066,0.979135,https://lasair.lsst.ac.uk/objects/170054958087405600
170054958093697195,149.36760,2.319782,https://lasair.lsst.ac.uk/objects/170054958093697195
170054958112571410,149.80669,1.624412,https://lasair.lsst.ac.uk/objects/170054958112571410
170054958124630025,150.42147,2.692487,https://lasair.lsst.ac.uk/objects/170054958124630025
313980948751843386,150.64938,2.995115,https://lasair.lsst.ac.uk/objects/313980948751843386
170054959716892790,149.83791,3.666029,https://lasair.lsst.ac.uk/objects/170054959716892790
170054959760408672,150.73478,3.330652,https://lasair.lsst.ac.uk/objects/170054959760408672
170054959575334965,148.94882,2.450859,https://lasair.lsst.ac.uk/objects/170054959575334965
170054959036891282,149.38973,2.670159,https://lasair.lsst.ac.uk/objects/170054959036891282
170054959185264688,150.16452,1.572127,https://lasair.lsst.ac.uk/objects/170054959185264688
170054959188410392,150.65474,1.540193,https://lasair.lsst.ac.uk/objects/170054959188410392
170054958901100725,149.61872,1.920758,https://lasair.lsst.ac.uk/objects/170054958901100725
170054958919450628,149.90866,1.883865,https://lasair.lsst.ac.uk/objects/170054958919450628
170054958921547931,149.81590,2.128322,https://lasair.lsst.ac.uk/objects/170054958921547931
170054958934130859,150.03218,3.587925,https://lasair.lsst.ac.uk/objects/170054958934130859
170050497688895541,150.87648,2.360406,https://lasair.lsst.ac.uk/objects/170050497688895541
170054959199420454,149.60907,3.423014,https://lasair.lsst.ac.uk/objects/170054959199420454
170054958902149230,149.50098,2.391171,https://lasair.lsst.ac.uk/objects/170054958902149230
170054958931509509,149.45536,3.621136,https://lasair.lsst.ac.uk/objects/170054958931509509
170054959059959857,150.46796,2.702404,https://lasair.lsst.ac.uk/objects/170054959059959857
170054959078834247,151.32947,2.212958,https://lasair.lsst.ac.uk/objects/170054959078834247
170054960535306257,150.21986,1.877030,https://lasair.lsst.ac.uk/objects/170054960535306257
170054960112730227,149.51399,2.790996,https://lasair.lsst.ac.uk/objects/170054960112730227
170054960155721825,150.92716,2.289069,https://lasair.lsst.ac.uk/objects/170054960155721825
170028516915544193,148.61689,2.721576,https://lasair.lsst.ac.uk/objects/170028516915544193
170054960362815661,148.82717,3.327837,https://lasair.lsst.ac.uk/objects/170054960362815661
170054960395845777,150.54566,1.906927,https://lasair.lsst.ac.uk/objects/170054960395845777
170054959889383501,150.32815,2.476674,https://lasair.lsst.ac.uk/objects/170054959889383501
170054959844294684,149.11115,2.696688,https://lasair.lsst.ac.uk/objects/170054959844294684
170054959858450512,149.80263,1.359460,https://lasair.lsst.ac.uk/objects/170054959858450512
170054959858450561,149.87143,1.231396,https://lasair.lsst.ac.uk/objects/170054959858450561
170054959889383550,150.43888,2.560167,https://lasair.lsst.ac.uk/objects/170054959889383550
170054959889907787,150.38291,2.719534,https://lasair.lsst.ac.uk/objects/170054959889907787
170054959971172479,149.56069,1.712794,https://lasair.lsst.ac.uk/objects/170054959971172479
170054960099098697,149.50924,0.979541,https://lasair.lsst.ac.uk/objects/170054960099098697
170054959692251198,148.87750,2.634379,https://lasair.lsst.ac.uk/objects/170054959692251198
170054959979561091,149.62067,2.776059,https://lasair.lsst.ac.uk/objects/170054959979561091
170054959979561098,149.62484,2.780778,https://lasair.lsst.ac.uk/objects/170054959979561098
170054960039854101,151.32882,2.213134,https://lasair.lsst.ac.uk/objects/170054960039854101
170054959867363332,149.78202,2.597598,https://lasair.lsst.ac.uk/objects/170054959867363332
170054960003154027,150.25893,2.734503,https://lasair.lsst.ac.uk/objects/170054960003154027
170054959844294723,149.16235,2.777147,https://lasair.lsst.ac.uk/objects/170054959844294723
170054959862644847,149.90806,1.884377,https://lasair.lsst.ac.uk/objects/170054959862644847
170054960023601191,150.42066,2.693056,https://lasair.lsst.ac.uk/objects/170054960023601191
170054959610462242,151.27193,1.389904,https://lasair.lsst.ac.uk/objects/170054959610462242
170054961159208976,149.50850,0.979750,https://lasair.lsst.ac.uk/objects/170054961159208976
170054961204822102,150.32068,2.267521,https://lasair.lsst.ac.uk/objects/170054961204822102
170054960950018077,150.74013,1.248767,https://lasair.lsst.ac.uk/objects/170054960950018077
170054960832577547,150.74778,3.524870,https://lasair.lsst.ac.uk/objects/170054960832577547
170054960827334665,151.07089,2.418314,https://lasair.lsst.ac.uk/objects/170054960827334665
170054960773857375,149.80199,1.360069,https://lasair.lsst.ac.uk/objects/170054960773857375
170054960797974601,150.39346,1.735628,https://lasair.lsst.ac.uk/objects/170054960797974601
170054960826810414,150.72730,2.929736,https://lasair.lsst.ac.uk/objects/170054960826810414
170054960843587695,151.40227,2.766975,https://lasair.lsst.ac.uk/objects/170054960843587695
170054960908599339,149.44652,1.461213,https://lasair.lsst.ac.uk/objects/170054960908599339
170054960674766858,149.99349,3.009100,https://lasair.lsst.ac.uk/objects/170054960674766858
170054960797450296,150.39410,1.650493,https://lasair.lsst.ac.uk/objects/170054960797450296
170054960825761823,150.87501,2.360434,https://lasair.lsst.ac.uk/objects/170054960825761823
170054960674242651,150.18265,2.758646,https://lasair.lsst.ac.uk/objects/170054960674242651
170054960779100208,149.49748,2.312632,https://lasair.lsst.ac.uk/objects/170054960779100208
170054960832577701,150.89675,3.559920,https://lasair.lsst.ac.uk/objects/170054960832577701
170054960843063322,151.27456,2.635760,https://lasair.lsst.ac.uk/objects/170054960843063322
170054962114461710,148.97411,1.351510,https://lasair.lsst.ac.uk/objects/170054962114461710
170054962185764972,151.43198,1.735262,https://lasair.lsst.ac.uk/objects/170054962185764972
170054962163744794,150.67400,1.239479,https://lasair.lsst.ac.uk/objects/170054962163744794
170054962140676142,150.08302,1.691744,https://lasair.lsst.ac.uk/objects/170054962140676142
170054962166890506,150.54419,1.907621,https://lasair.lsst.ac.uk/objects/170054962166890506
170054962815434805,150.13790,2.309428,https://lasair.lsst.ac.uk/objects/170054962815434805
170054962115510316,149.17723,1.844877,https://lasair.lsst.ac.uk/objects/170054962115510316
170054962928680965,149.35444,2.435802,https://lasair.lsst.ac.uk/objects/170054962928680965
170054962924486720,149.04486,1.950585,https://lasair.lsst.ac.uk/objects/170054962924486720
170054962948603928,149.61016,2.307334,https://lasair.lsst.ac.uk/objects/170054962948603928
170054962968526912,150.78548,1.415559,https://lasair.lsst.ac.uk/objects/170054962968526912
170054963086491654,150.41918,2.694100,https://lasair.lsst.ac.uk/objects/170054963086491654
170054962947031060,150.16162,1.572934,https://lasair.lsst.ac.uk/objects/170054962947031060
170054962929205329,148.94264,2.792905,https://lasair.lsst.ac.uk/objects/170054962929205329
170054963086491682,150.46496,2.704062,https://lasair.lsst.ac.uk/objects/170054963086491682
170054962967478294,150.39122,1.735515,https://lasair.lsst.ac.uk/objects/170054962967478294
170054962968526921,150.79611,1.393699,https://lasair.lsst.ac.uk/objects/170054962968526921
170054962969575426,150.57604,1.878180,https://lasair.lsst.ac.uk/objects/170054962969575426
170054962908758136,148.85462,1.893635,https://lasair.lsst.ac.uk/objects/170054962908758136
170054962928680982,149.37650,2.421243,https://lasair.lsst.ac.uk/objects/170054962928680982
170054963350208597,150.21716,1.877497,https://lasair.lsst.ac.uk/objects/170054963350208597
170054963170902039,148.93951,1.140668,https://lasair.lsst.ac.uk/objects/170054963170902039
170054963211272231,150.67311,1.239951,https://lasair.lsst.ac.uk/objects/170054963211272231
170054963238010989,151.01436,2.145389,https://lasair.lsst.ac.uk/objects/170054963238010989
170054963249020956,150.89459,3.560647,https://lasair.lsst.ac.uk/objects/170054963249020956
170054963633324193,150.90517,0.969696,https://lasair.lsst.ac.uk/objects/170054963633324193
170054963648528452,149.86273,3.440799,https://lasair.lsst.ac.uk/objects/170054963648528452
170054963452968998,149.66364,0.935183,https://lasair.lsst.ac.uk/objects/170054963452968998
170054962955419713,149.87146,3.158473,https://lasair.lsst.ac.uk/objects/170054962955419713
170054963190825046,149.69441,1.823917,https://lasair.lsst.ac.uk/objects/170054963190825046
170054963199213700,149.51082,2.791796,https://lasair.lsst.ac.uk/objects/170054963199213700
170054963221757987,149.81078,3.037752,https://lasair.lsst.ac.uk/objects/170054963221757987
170054964680852119,149.18996,3.494603,https://lasair.lsst.ac.uk/objects/170054964680852119
170054964563411041,149.77789,2.598656,https://lasair.lsst.ac.uk/objects/170054964563411041
170054963999277118,149.05230,2.465302,https://lasair.lsst.ac.uk/objects/170054963999277118
170054964056948766,150.79470,3.477531,https://lasair.lsst.ac.uk/objects/170054964056948766
170054963757580293,150.22856,2.252132,https://lasair.lsst.ac.uk/objects/170054963757580293
170054963783794757,150.88488,2.541905,https://lasair.lsst.ac.uk/objects/170054963783794757
170054963869253659,148.94187,2.793229,https://lasair.lsst.ac.uk/objects/170054963869253659
170054964669317200,149.17490,1.845611,https://lasair.lsst.ac.uk/objects/170054964669317200
170054964128776273,149.27348,1.672942,https://lasair.lsst.ac.uk/objects/170054964128776273
170054964139262065,149.62162,2.781634,https://lasair.lsst.ac.uk/objects/170054964139262065
170054964182253718,151.01371,2.145643,https://lasair.lsst.ac.uk/objects/170054964182253718
170054964041744443,150.39027,1.735473,https://lasair.lsst.ac.uk/objects/170054964041744443
170054964005044324,149.45171,3.083412,https://lasair.lsst.ac.uk/objects/170054964005044324
170054965230305381,150.03485,2.414569,https://lasair.lsst.ac.uk/objects/170054965230305381
170054963931119705,151.11263,2.079867,https://lasair.lsst.ac.uk/objects/170054963931119705
170054964979171365,151.12863,1.213201,https://lasair.lsst.ac.uk/objects/170054964979171365
170054964966064218,149.62101,2.781784,https://lasair.lsst.ac.uk/objects/170054964966064218
170054964826079338,150.57421,1.878484,https://lasair.lsst.ac.uk/objects/170054964826079338
170054965068824578,149.79884,1.363037,https://lasair.lsst.ac.uk/objects/170054965068824578
170028525259587675,149.38540,2.672909,https://lasair.lsst.ac.uk/objects/170028525259587675
170054965057290293,149.05145,2.465597,https://lasair.lsst.ac.uk/objects/170054965057290293
170054964842332186,150.78414,1.416739,https://lasair.lsst.ac.uk/objects/170054964842332186
170054964985987205,150.41838,2.694664,https://lasair.lsst.ac.uk/objects/170054964985987205
170054964805632003,149.35322,2.436502,https://lasair.lsst.ac.uk/objects/170054964805632003
170054964805632014,149.37515,2.421677,https://lasair.lsst.ac.uk/objects/170054964805632014
170054964961869847,149.60843,2.307446,https://lasair.lsst.ac.uk/objects/170054964961869847
170054964672462925,149.61496,1.924236,https://lasair.lsst.ac.uk/objects/170054964672462925
170054965069348948,149.81837,1.706428,https://lasair.lsst.ac.uk/objects/170054965069348948
170054965092941933,150.54215,1.908582,https://lasair.lsst.ac.uk/objects/170054965092941933
170054965101854765,150.16380,2.851353,https://lasair.lsst.ac.uk/objects/170054965101854765
170054963731890184,149.23083,2.081425,https://lasair.lsst.ac.uk/objects/170054963731890184
170054966957834281,148.94293,2.454209,https://lasair.lsst.ac.uk/objects/170054966957834281
170054966134702089,148.84269,2.204962,https://lasair.lsst.ac.uk/objects/170054966134702089
170054966149382169,149.69170,1.824477,https://lasair.lsst.ac.uk/objects/170054966149382169
170054967084187835,150.38716,1.735332,https://lasair.lsst.ac.uk/objects/170054967084187835
170054965930754089,150.41797,2.694966,https://lasair.lsst.ac.uk/objects/170054965930754089
170054968023187459,149.30692,1.425590,https://lasair.lsst.ac.uk/objects/170054968023187459
170054968013750411,148.93818,2.794771,https://lasair.lsst.ac.uk/objects/170054968013750411
170054967898931345,149.61343,2.780314,https://lasair.lsst.ac.uk/objects/170054967898931345
170054967766286485,149.49781,3.464058,https://lasair.lsst.ac.uk/objects/170054967766286485
170054967764189223,149.61571,2.509723,https://lasair.lsst.ac.uk/objects/170054967764189223
170054967804035206,150.57095,1.879029,https://lasair.lsst.ac.uk/objects/170054967804035206
170054967638360103,150.78200,1.418638,https://lasair.lsst.ac.uk/objects/170054967638360103
170054968178901142,149.98187,1.592480,https://lasair.lsst.ac.uk/objects/170054968178901142
170054968035770437,149.39295,3.505088,https://lasair.lsst.ac.uk/objects/170054968035770437
170032908990939177,150.59542,2.925293,https://lasair.lsst.ac.uk/objects/170032908990939177
170054968714199168,150.45197,1.210085,https://lasair.lsst.ac.uk/objects/170054968714199168
170054969229574203,149.86493,1.237365,https://lasair.lsst.ac.uk/objects/170054969229574203
170054968962187279,149.26924,1.674537,https://lasair.lsst.ac.uk/objects/170054968962187279
170054968847892571,150.66792,1.242639,https://lasair.lsst.ac.uk/objects/170054968847892571
313998570577985651,150.13038,2.563624,https://lasair.lsst.ac.uk/objects/313998570577985651
170046104198971510,150.26555,1.609001,https://lasair.lsst.ac.uk/objects/170046104198971510
170054970155991150,148.86690,2.636201,https://lasair.lsst.ac.uk/objects/170054970155991150
170054970167525390,148.96709,1.354385,https://lasair.lsst.ac.uk/objects/170054970167525390
170054970173292653,149.34920,2.438848,https://lasair.lsst.ac.uk/objects/170054970173292653
170054970202128477,150.30192,2.623921,https://lasair.lsst.ac.uk/objects/170054970202128477
170054970204749971,150.74406,2.905358,https://lasair.lsst.ac.uk/objects/170054970204749971
170054970217332748,150.69251,1.518943,https://lasair.lsst.ac.uk/objects/170054970217332748
170054970217332851,150.78926,1.393317,https://lasair.lsst.ac.uk/objects/170054970217332851
170054970157039684,149.04157,2.360555,https://lasair.lsst.ac.uk/objects/170054970157039684
170054970353123353,150.94013,1.624053,https://lasair.lsst.ac.uk/objects/170054970353123353
170054970219430042,150.71218,1.807583,https://lasair.lsst.ac.uk/objects/170054970219430042
170054970337919034,150.45947,2.707105,https://lasair.lsst.ac.uk/objects/170054970337919034
170054970192167081,149.96101,1.680175,https://lasair.lsst.ac.uk/objects/170054970192167081
170054970225197091,150.80865,2.826995,https://lasair.lsst.ac.uk/objects/170054970225197091
170054970341064816,150.43624,3.331800,https://lasair.lsst.ac.uk/objects/170054970341064816
170054971139555334,150.41540,2.696783,https://lasair.lsst.ac.uk/objects/170054971139555334
170054970979647562,149.23456,2.286525,https://lasair.lsst.ac.uk/objects/170054970979647562
170054970909917206,151.26544,2.637319,https://lasair.lsst.ac.uk/objects/170054970909917206
170054971026833513,150.62451,2.480661,https://lasair.lsst.ac.uk/objects/170054971026833513
170054971234453421,148.68049,3.028554,https://lasair.lsst.ac.uk/objects/170054971234453421
170054970837565587,149.81964,1.142772,https://lasair.lsst.ac.uk/objects/170054970837565587
170054970909917192,151.24067,2.604913,https://lasair.lsst.ac.uk/objects/170054970909917192
170054971788623998,148.81610,2.023308,https://lasair.lsst.ac.uk/objects/170054971788623998
170054971791245421,149.28675,2.216863,https://lasair.lsst.ac.uk/objects/170054971791245421
170054971511799851,149.70933,1.541672,https://lasair.lsst.ac.uk/objects/170054971511799851
170054971672756301,149.60198,2.307877,https://lasair.lsst.ac.uk/objects/170054971672756301
170054971033124878,150.72709,3.120702,https://lasair.lsst.ac.uk/objects/170054971033124878
170054971033649187,150.72590,3.332964,https://lasair.lsst.ac.uk/objects/170054971033649187
170054971118059637,149.61038,2.782087,https://lasair.lsst.ac.uk/objects/170054971118059637
170054972096381023,150.86375,2.361567,https://lasair.lsst.ac.uk/objects/170054972096381023
170054971983659122,150.80711,2.827038,https://lasair.lsst.ac.uk/objects/170054971983659122
170054972730769503,149.28610,2.217133,https://lasair.lsst.ac.uk/objects/170054972730769503
170054971786526867,149.79489,1.625579,https://lasair.lsst.ac.uk/objects/170054971786526867
170054971796489351,148.69578,2.864314,https://lasair.lsst.ac.uk/objects/170054971796489351
170054971816411200,148.93481,2.796174,https://lasair.lsst.ac.uk/objects/170054971816411200
170054971852062730,151.39307,2.770263,https://lasair.lsst.ac.uk/objects/170054971852062730
170054971676426265,149.86782,2.719278,https://lasair.lsst.ac.uk/objects/170054971676426265
170054972793684017,150.02074,3.592441,https://lasair.lsst.ac.uk/objects/170054972793684017
170054972743876682,150.40861,2.116083,https://lasair.lsst.ac.uk/objects/170054972743876682
170054972244230188,149.60257,3.425138,https://lasair.lsst.ac.uk/objects/170054972244230188
170054972198092810,148.93211,2.380539,https://lasair.lsst.ac.uk/objects/170054972198092810
170054972637970452,150.17345,2.768607,https://lasair.lsst.ac.uk/objects/170054972637970452
170054972121546890,150.99151,3.647989,https://lasair.lsst.ac.uk/objects/170054972121546890
170054972053389404,149.44058,1.758606,https://lasair.lsst.ac.uk/objects/170054972053389404
170054972121546806,150.88707,3.563180,https://lasair.lsst.ac.uk/objects/170054972121546806
170054971941191727,149.68668,1.825518,https://lasair.lsst.ac.uk/objects/170054971941191727
170054971839479924,149.64949,3.194133,https://lasair.lsst.ac.uk/objects/170054971839479924
170054972376350784,149.44893,3.356155,https://lasair.lsst.ac.uk/objects/170054972376350784
170054971811692616,149.34814,2.439465,https://lasair.lsst.ac.uk/objects/170054971811692616
170054971850489894,151.26467,2.637461,https://lasair.lsst.ac.uk/objects/170054971850489894
170054971813265511,149.61273,2.511739,https://lasair.lsst.ac.uk/objects/170054971813265511
170054971933327451,150.89955,0.975488,https://lasair.lsst.ac.uk/objects/170054971933327451
170054971918647332,149.54283,1.283738,https://lasair.lsst.ac.uk/objects/170054971918647332
170054972992389229,149.97832,1.593578,https://lasair.lsst.ac.uk/objects/170054972992389229
170054972726575143,149.60956,1.929247,https://lasair.lsst.ac.uk/objects/170054972726575143
170054972756983843,148.93406,2.796489,https://lasair.lsst.ac.uk/objects/170054972756983843
170054972756983923,149.05086,2.846965,https://lasair.lsst.ac.uk/objects/170054972756983923
170054972767993862,151.23558,2.599997,https://lasair.lsst.ac.uk/objects/170054972767993862
170054972767993863,151.23923,2.605149,https://lasair.lsst.ac.uk/objects/170054972767993863
170054972887007320,149.60897,2.782913,https://lasair.lsst.ac.uk/objects/170054972887007320
170054972906930289,150.72456,3.333314,https://lasair.lsst.ac.uk/objects/170054972906930289
170054972914794605,149.37907,3.713190,https://lasair.lsst.ac.uk/objects/170054972914794605
170054973248241685,149.30252,1.426345,https://lasair.lsst.ac.uk/objects/170054973248241685
170054972890152988,148.69489,2.864654,https://lasair.lsst.ac.uk/objects/170054972890152988
170054972989767866,150.38154,1.735066,https://lasair.lsst.ac.uk/objects/170054972989767866
170054972783722499,151.39232,2.770523,https://lasair.lsst.ac.uk/objects/170054972783722499
170054972730769474,149.14328,2.229083,https://lasair.lsst.ac.uk/objects/170054972730769474
170054972991864873,149.43688,1.467025,https://lasair.lsst.ac.uk/objects/170054972991864873
170054973033283611,150.86290,2.361655,https://lasair.lsst.ac.uk/objects/170054973033283611
170054973038002317,150.41460,2.697353,https://lasair.lsst.ac.uk/objects/170054973038002317
170054973146005516,151.00689,2.148151,https://lasair.lsst.ac.uk/objects/170054973146005516
170054973008642075,151.28847,1.927387,https://lasair.lsst.ac.uk/objects/170054973008642075
170054972855550126,150.70992,1.807990,https://lasair.lsst.ac.uk/objects/170054972855550126
170054974245437514,151.28704,1.927677,https://lasair.lsst.ac.uk/objects/170054974245437514
170054974266933362,151.59036,2.435116,https://lasair.lsst.ac.uk/objects/170054974266933362
170054974237573129,150.93594,0.954867,https://lasair.lsst.ac.uk/objects/170054974237573129
170054974232330333,149.60148,3.425504,https://lasair.lsst.ac.uk/objects/170054974232330333
170054974260641845,151.47169,1.829300,https://lasair.lsst.ac.uk/objects/170054974260641845
170054974235476102,150.01932,3.592991,https://lasair.lsst.ac.uk/objects/170054974235476102
170054974246486109,150.64872,2.252517,https://lasair.lsst.ac.uk/objects/170054974246486109
170054974178328627,149.26659,0.803668,https://lasair.lsst.ac.uk/objects/170054974178328627
170054973132374060,149.22956,2.082054,https://lasair.lsst.ac.uk/objects/170054973132374060
170054975293489214,150.70739,1.808453,https://lasair.lsst.ac.uk/objects/170054975293489214
170054974605623367,149.52481,2.095861,https://lasair.lsst.ac.uk/objects/170054974605623367
170054975059132599,150.56159,3.240143,https://lasair.lsst.ac.uk/objects/170054975059132599
170054975012995140,148.89782,2.839717,https://lasair.lsst.ac.uk/objects/170054975012995140
170054974586749014,148.84529,1.901910,https://lasair.lsst.ac.uk/objects/170054974586749014
170054975135678601,150.25224,1.587866,https://lasair.lsst.ac.uk/objects/170054975135678601
170054975185485892,150.87700,2.548246,https://lasair.lsst.ac.uk/objects/170054975185485892
170054975706628140,149.60629,2.784489,https://lasair.lsst.ac.uk/objects/170054975706628140
170054974756618350,150.38209,1.658680,https://lasair.lsst.ac.uk/objects/170054974756618350
170054974788599975,150.04002,3.337547,https://lasair.lsst.ac.uk/objects/170054974788599975
170054974806950016,150.78628,3.483123,https://lasair.lsst.ac.uk/objects/170054974806950016
170054974630264845,149.37836,2.677128,https://lasair.lsst.ac.uk/objects/170054974630264845
170054975883313236,150.78555,3.483605,https://lasair.lsst.ac.uk/objects/170054975883313236
170054974672207880,150.72408,3.121434,https://lasair.lsst.ac.uk/objects/170054974672207880
170054975716589658,151.54861,2.211927,https://lasair.lsst.ac.uk/objects/170054975716589658
170054975543050264,149.68343,1.826192,https://lasair.lsst.ac.uk/objects/170054975543050264
170054975705055296,149.37766,2.677554,https://lasair.lsst.ac.uk/objects/170054975705055296
170054975683559500,148.93607,2.458115,https://lasair.lsst.ac.uk/objects/170054975683559500
170054975538856057,150.17676,1.519868,https://lasair.lsst.ac.uk/objects/170054975538856057
170054976261849124,150.36637,2.724079,https://lasair.lsst.ac.uk/objects/170054976261849124
170054976273383440,151.58910,2.435989,https://lasair.lsst.ac.uk/objects/170054976273383440
170054976072056953,150.93464,0.955942,https://lasair.lsst.ac.uk/objects/170054976072056953
170028517003624548,151.09562,3.535992,https://lasair.lsst.ac.uk/objects/170028517003624548
170050491592474634,148.83495,2.213650,https://lasair.lsst.ac.uk/objects/170050491592474634
170054976244547656,149.49765,2.795168,https://lasair.lsst.ac.uk/objects/170054976244547656
170054976350978112,149.26267,1.677009,https://lasair.lsst.ac.uk/objects/170054976350978112
170050492428714037,150.12471,2.564470,https://lasair.lsst.ac.uk/objects/170050492428714037
313998569360064560,149.95528,1.683721,https://lasair.lsst.ac.uk/objects/313998569360064560
170028517943148586,151.09506,3.536202,https://lasair.lsst.ac.uk/objects/170028517943148586
170054976365658115,150.68726,1.522922,https://lasair.lsst.ac.uk/objects/170054976365658115
314011776926613509,150.56047,1.880762,https://lasair.lsst.ac.uk/objects/314011776926613509
170054976479953003,150.56180,1.880559,https://lasair.lsst.ac.uk/objects/170054976479953003
170054976504070189,150.40473,2.116552,https://lasair.lsst.ac.uk/objects/170054976504070189
314011776518717560,150.56086,1.880760,https://lasair.lsst.ac.uk/objects/314011776518717560
170050493232971819,150.12420,2.564743,https://lasair.lsst.ac.uk/objects/170050493232971819
170054976905150557,151.10641,2.457124,https://lasair.lsst.ac.uk/objects/170054976905150557
170054976523468916,151.23607,2.605667,https://lasair.lsst.ac.uk/objects/170054976523468916
170054976905150476,151.10269,2.336840,https://lasair.lsst.ac.uk/objects/170054976905150476
170054976657162282,151.10148,2.085849,https://lasair.lsst.ac.uk/objects/170054976657162282
170054976483098669,149.89664,1.894206,https://lasair.lsst.ac.uk/objects/170054976483098669
170050492379431022,148.83441,2.213898,https://lasair.lsst.ac.uk/objects/170050492379431022
170054979058401326,150.12299,2.565026,https://lasair.lsst.ac.uk/objects/170054979058401326
170054978268823635,150.64083,1.548879,https://lasair.lsst.ac.uk/objects/170054978268823635
170054978227929169,149.59561,2.308307,https://lasair.lsst.ac.uk/objects/170054978227929169
170054978254143580,150.16890,2.773546,https://lasair.lsst.ac.uk/objects/170054978254143580
170054979085140033,150.55871,3.241813,https://lasair.lsst.ac.uk/objects/170054979085140033
170054979321593882,150.53119,1.913788,https://lasair.lsst.ac.uk/objects/170054979321593882
170054978246803536,150.14980,1.576198,https://lasair.lsst.ac.uk/objects/170054978246803536
170054978359001099,149.53892,1.783324,https://lasair.lsst.ac.uk/objects/170054978359001099
170054979171123232,149.49451,2.795972,https://lasair.lsst.ac.uk/objects/170054979171123232
170054978958786575,151.31418,2.217181,https://lasair.lsst.ac.uk/objects/170054978958786575
170054978427158558,151.47911,1.867475,https://lasair.lsst.ac.uk/objects/170054978427158558
170054979180036140,150.29003,1.360033,https://lasair.lsst.ac.uk/objects/170054979180036140
170054979192619014,150.41160,2.699476,https://lasair.lsst.ac.uk/objects/170054979192619014
170054962305302580,150.65973,2.548174,https://lasair.lsst.ac.uk/objects/170054962305302580
170054979739451423,150.89422,0.980998,https://lasair.lsst.ac.uk/objects/170054979739451423
170054979976429577,148.90366,2.245664,https://lasair.lsst.ac.uk/objects/170054979976429577
170054980043538473,150.78228,3.485780,https://lasair.lsst.ac.uk/objects/170054980043538473
170054980033052698,151.41609,1.745222,https://lasair.lsst.ac.uk/objects/170054980033052698
170054980128997478,149.78656,2.264304,https://lasair.lsst.ac.uk/objects/170054980128997478
170054980782260280,149.03398,2.363710,https://lasair.lsst.ac.uk/objects/170054980782260280
170054980668489773,150.21688,2.262655,https://lasair.lsst.ac.uk/objects/170054980668489773
170054980227563628,149.03013,1.952932,https://lasair.lsst.ac.uk/objects/170054980227563628
170054980290478132,150.41114,2.699795,https://lasair.lsst.ac.uk/objects/170054980290478132
170054981083725841,151.41527,1.745746,https://lasair.lsst.ac.uk/objects/170054981083725841
170054981094735896,150.58641,2.928623,https://lasair.lsst.ac.uk/objects/170054981094735896
170054980818960431,150.64355,2.255076,https://lasair.lsst.ac.uk/objects/170054980818960431
170054981069045854,150.20172,2.154498,https://lasair.lsst.ac.uk/objects/170054981069045854
170054982940753928,150.54025,1.075678,https://lasair.lsst.ac.uk/objects/170054982940753928
170054985361391702,150.67492,1.532336,https://lasair.lsst.ac.uk/objects/170054985361391702
170054985377120287,151.19061,0.926970,https://lasair.lsst.ac.uk/objects/170054985377120287
170050489196478531,148.97747,0.974899,https://lasair.lsst.ac.uk/objects/170050489196478531
170054986543661066,150.64598,1.254144,https://lasair.lsst.ac.uk/objects/170054986543661066
170054986531602522,149.52077,1.284363,https://lasair.lsst.ac.uk/objects/170054986531602522
170054986966761484,151.53576,2.218960,https://lasair.lsst.ac.uk/objects/170054986966761484
170054986978295906,149.12694,2.232568,https://lasair.lsst.ac.uk/objects/170054986978295906
170054986804756538,149.28607,1.429177,https://lasair.lsst.ac.uk/objects/170054986804756538
170054986694131849,148.92311,2.465559,https://lasair.lsst.ac.uk/objects/170054986694131849
170054987787796574,149.85596,3.162333,https://lasair.lsst.ac.uk/objects/170054987787796574
170054987262459906,150.57794,2.931979,https://lasair.lsst.ac.uk/objects/170054987262459906
170054987340579430,148.67680,2.871698,https://lasair.lsst.ac.uk/objects/170054987340579430
170054987409260603,150.51217,3.287176,https://lasair.lsst.ac.uk/objects/170054987409260603
313871013090164775,148.92207,2.466289,https://lasair.lsst.ac.uk/objects/313871013090164775
170054987243585547,149.77482,2.266535,https://lasair.lsst.ac.uk/objects/170054987243585547
170054987407163473,151.04223,2.428209,https://lasair.lsst.ac.uk/objects/170054987407163473
170054987908907019,149.96309,1.598343,https://lasair.lsst.ac.uk/objects/170054987908907019
170054987936694334,150.63339,2.260133,https://lasair.lsst.ac.uk/objects/170054987936694334
170054988318900251,150.20793,2.270778,https://lasair.lsst.ac.uk/objects/170054988318900251
170054987892654187,149.78814,2.134854,https://lasair.lsst.ac.uk/objects/170054987892654187
170054987734319126,149.09925,0.996211,https://lasair.lsst.ac.uk/objects/170054987734319126
170054988429000803,149.90041,2.104022,https://lasair.lsst.ac.uk/objects/170054988429000803
170054988297404427,148.67604,2.871996,https://lasair.lsst.ac.uk/objects/170054988297404427
170054988337774682,151.26962,1.931310,https://lasair.lsst.ac.uk/objects/170054988337774682
170054988836896808,149.42153,2.702140,https://lasair.lsst.ac.uk/objects/170054988836896808
170054989035077696,150.77125,3.493170,https://lasair.lsst.ac.uk/objects/170054989035077696
170054988826411090,149.96247,1.598546,https://lasair.lsst.ac.uk/objects/170054988826411090
170054988851576900,150.63270,2.260475,https://lasair.lsst.ac.uk/objects/170054988851576900
170054988823265330,150.44383,1.262316,https://lasair.lsst.ac.uk/objects/170054988823265330
170054988724699169,149.85550,3.162455,https://lasair.lsst.ac.uk/objects/170054988724699169
170054988683280404,148.98665,2.272044,https://lasair.lsst.ac.uk/objects/170054988683280404
170054988676464757,148.82993,1.915647,https://lasair.lsst.ac.uk/objects/170054988676464757
170054989250035763,150.23783,1.594506,https://lasair.lsst.ac.uk/objects/170054989250035763
170054989433012270,150.51064,3.287510,https://lasair.lsst.ac.uk/objects/170054989433012270
170054989099565090,149.50598,2.104745,https://lasair.lsst.ac.uk/objects/170054989099565090
170054989101137991,149.78910,2.212408,https://lasair.lsst.ac.uk/objects/170054989101137991
170054989101138000,149.77321,2.266843,https://lasair.lsst.ac.uk/objects/170054989101138000
170054989122633740,150.20735,2.271310,https://lasair.lsst.ac.uk/objects/170054989122633740
170054989124731001,150.34786,2.729196,https://lasair.lsst.ac.uk/objects/170054989124731001
170059277385859095,150.33579,3.327716,https://lasair.lsst.ac.uk/objects/170059277385859095
170059277383237729,150.15836,2.781184,https://lasair.lsst.ac.uk/objects/170059277383237729
170059277544718416,150.61170,3.606029,https://lasair.lsst.ac.uk/objects/170059277544718416
170059277364363321,149.48486,3.465096,https://lasair.lsst.ac.uk/objects/170059277364363321
170059277362266200,149.74655,3.190554,https://lasair.lsst.ac.uk/objects/170059277362266200
170059277526368547,150.76362,1.103810,https://lasair.lsst.ac.uk/objects/170059277526368547
170059277402636451,150.91375,2.380826,https://lasair.lsst.ac.uk/objects/170059277402636451
170059277342343175,148.89698,2.894727,https://lasair.lsst.ac.uk/objects/170059277342343175
170059278052753525,149.75980,2.529367,https://lasair.lsst.ac.uk/objects/170059278052753525
313963406071169039,150.91890,2.499053,https://lasair.lsst.ac.uk/objects/313963406071169039
170059278226292862,151.51897,2.629846,https://lasair.lsst.ac.uk/objects/170059278226292862
170059278183825538,150.16620,2.146963,https://lasair.lsst.ac.uk/objects/170059278183825538
170059278320664674,150.08226,2.552118,https://lasair.lsst.ac.uk/objects/170059278320664674
170059278302314712,148.69432,2.916777,https://lasair.lsst.ac.uk/objects/170059278302314712
170059278354743308,151.21862,1.876400,https://lasair.lsst.ac.uk/objects/170059278354743308
170059278493155416,151.26538,2.598726,https://lasair.lsst.ac.uk/objects/170059278493155416
170059278308081709,150.05999,1.052666,https://lasair.lsst.ac.uk/objects/170059278308081709
170059278320664621,150.06382,2.408059,https://lasair.lsst.ac.uk/objects/170059278320664621
170059278475853942,150.91293,2.381017,https://lasair.lsst.ac.uk/objects/170059278475853942
313963406745927730,150.91849,2.499009,https://lasair.lsst.ac.uk/objects/313963406745927730
170059278322237468,149.40215,2.912454,https://lasair.lsst.ac.uk/objects/170059278322237468
170059278343733314,150.85559,2.496503,https://lasair.lsst.ac.uk/objects/170059278343733314
170059278347403399,150.39927,3.338599,https://lasair.lsst.ac.uk/objects/170059278347403399
170059278420279450,149.93332,1.024682,https://lasair.lsst.ac.uk/objects/170059278420279450
170059278362607633,151.44215,2.722163,https://lasair.lsst.ac.uk/objects/170059278362607633
170059278474805326,150.46131,2.620145,https://lasair.lsst.ac.uk/objects/170059278474805326
170059278494204034,151.15766,3.030522,https://lasair.lsst.ac.uk/objects/170059278494204034
170059278566031452,148.95070,2.271875,https://lasair.lsst.ac.uk/objects/170059278566031452
170059278589100089,150.04022,2.497418,https://lasair.lsst.ac.uk/objects/170059278589100089
170059277353353304,149.19906,2.097457,https://lasair.lsst.ac.uk/objects/170059277353353304
170059279903490091,149.10534,2.296109,https://lasair.lsst.ac.uk/objects/170059279903490091
170059279922888854,149.80404,1.650178,https://lasair.lsst.ac.uk/objects/170059279922888854
170059279483535488,148.87013,2.434969,https://lasair.lsst.ac.uk/objects/170059279483535488
170059279121776683,150.18754,1.797818,https://lasair.lsst.ac.uk/objects/170059279121776683
170059280072835162,150.31048,3.677240,https://lasair.lsst.ac.uk/objects/170059280072835162
170059279356133516,149.48392,3.465400,https://lasair.lsst.ac.uk/objects/170059279356133516
170059279381299272,149.31992,1.035836,https://lasair.lsst.ac.uk/objects/170059279381299272
170059280080699516,150.44735,1.364284,https://lasair.lsst.ac.uk/objects/170059280080699516
170059280107962386,151.60587,2.104876,https://lasair.lsst.ac.uk/objects/170059280107962386
170059280357523477,150.83487,2.350117,https://lasair.lsst.ac.uk/objects/170059280357523477
170059280170352744,149.58410,1.513958,https://lasair.lsst.ac.uk/objects/170059280170352744
170059280747069601,150.76143,1.105639,https://lasair.lsst.ac.uk/objects/170059280747069601
170059280694116381,148.75576,2.567121,https://lasair.lsst.ac.uk/objects/170059280694116381
170059280234315861,151.21711,1.877362,https://lasair.lsst.ac.uk/objects/170059280234315861
170059280225402896,150.71917,2.680898,https://lasair.lsst.ac.uk/objects/170059280225402896
170059280983523390,149.47999,2.445669,https://lasair.lsst.ac.uk/objects/170059280983523390
170059280425156660,148.86951,2.435224,https://lasair.lsst.ac.uk/objects/170059280425156660
170059280437215252,149.28568,1.291888,https://lasair.lsst.ac.uk/objects/170059280437215252
170059281013407865,150.33304,3.328330,https://lasair.lsst.ac.uk/objects/170059281013407865
170059280452943884,149.48343,3.465555,https://lasair.lsst.ac.uk/objects/170059280452943884
170059280598695962,149.61481,2.177410,https://lasair.lsst.ac.uk/objects/170059280598695962
170059280631726099,150.24940,3.557122,https://lasair.lsst.ac.uk/objects/170059280631726099
170059281953456190,149.82412,3.673432,https://lasair.lsst.ac.uk/objects/170059281953456190
170059281383030791,149.64272,1.905592,https://lasair.lsst.ac.uk/objects/170059281383030791
170059281964466191,150.45997,2.349812,https://lasair.lsst.ac.uk/objects/170059281964466191
170059281626824830,149.17299,1.102746,https://lasair.lsst.ac.uk/objects/170059281626824830
170059281552900104,150.74296,1.146179,https://lasair.lsst.ac.uk/objects/170059281552900104
170059281666670673,150.76080,1.106165,https://lasair.lsst.ac.uk/objects/170059281666670673
170059281676632190,149.99555,2.709723,https://lasair.lsst.ac.uk/objects/170059281676632190
170059282239193185,150.39679,3.340056,https://lasair.lsst.ac.uk/objects/170059282239193185
170059281962893376,151.21569,1.878272,https://lasair.lsst.ac.uk/objects/170059281962893376
170059282040488018,148.67867,2.394774,https://lasair.lsst.ac.uk/objects/170059282040488018
170059282700566604,149.31752,1.036534,https://lasair.lsst.ac.uk/objects/170059282700566604
170059282918670415,151.43863,2.724172,https://lasair.lsst.ac.uk/objects/170059282918670415
170059281804558348,150.56878,1.380985,https://lasair.lsst.ac.uk/objects/170059281804558348
170059281906270344,148.86855,2.435633,https://lasair.lsst.ac.uk/objects/170059281906270344
170059281945067556,149.62272,2.629051,https://lasair.lsst.ac.uk/objects/170059281945067556
170059281948213317,150.13227,2.791891,https://lasair.lsst.ac.uk/objects/170059281948213317
170059281971281931,150.33234,3.328483,https://lasair.lsst.ac.uk/objects/170059281971281931
170059282315739153,149.28383,1.291958,https://lasair.lsst.ac.uk/objects/170059282315739153
170059282341953600,150.48651,1.683501,https://lasair.lsst.ac.uk/objects/170059282341953600
170059282875154445,150.56782,1.380944,https://lasair.lsst.ac.uk/objects/170059282875154445
170059281896308832,149.31812,1.036360,https://lasair.lsst.ac.uk/objects/170059281896308832
170059282055692330,148.94809,2.272452,https://lasair.lsst.ac.uk/objects/170059282055692330
170059282486132768,149.74419,3.191146,https://lasair.lsst.ac.uk/objects/170059282486132768
170059282742509572,150.47486,1.657164,https://lasair.lsst.ac.uk/objects/170059282742509572
170059281930388361,149.13934,3.562630,https://lasair.lsst.ac.uk/objects/170059281930388361
170059283640614937,148.77678,2.487115,https://lasair.lsst.ac.uk/objects/170059283640614937
170059283691470923,150.45711,2.621627,https://lasair.lsst.ac.uk/objects/170059283691470923
170059283798425688,149.62134,2.629963,https://lasair.lsst.ac.uk/objects/170059283798425688
170059283964625000,150.52605,3.217980,https://lasair.lsst.ac.uk/objects/170059283964625000
170059280843538473,149.19865,2.097669,https://lasair.lsst.ac.uk/objects/170059280843538473
170059283381092846,149.36823,3.577428,https://lasair.lsst.ac.uk/objects/170059283381092846
170059283399442434,149.74373,3.191265,https://lasair.lsst.ac.uk/objects/170059283399442434
170059283414122529,149.77638,1.800422,https://lasair.lsst.ac.uk/objects/170059283414122529
170059282989449300,150.44487,1.365610,https://lasair.lsst.ac.uk/objects/170059282989449300
170059283127337004,149.47856,1.871394,https://lasair.lsst.ac.uk/objects/170059283127337004
170059282857852988,149.80205,1.650807,https://lasair.lsst.ac.uk/objects/170059282857852988
170059282868863027,148.97248,2.952671,https://lasair.lsst.ac.uk/objects/170059282868863027
170059282884067450,150.15380,2.783888,https://lasair.lsst.ac.uk/objects/170059282884067450
170059282884591683,149.62206,2.629498,https://lasair.lsst.ac.uk/objects/170059282884591683
170059282894028987,151.55488,1.470638,https://lasair.lsst.ac.uk/objects/170059282894028987
170059282911330311,150.52696,3.217553,https://lasair.lsst.ac.uk/objects/170059282911330311
170059282918146067,151.42790,2.553221,https://lasair.lsst.ac.uk/objects/170059282918146067
170059283801047094,149.62047,3.293153,https://lasair.lsst.ac.uk/objects/170059283801047094
170050492551921800,150.15716,0.757564,https://lasair.lsst.ac.uk/objects/170050492551921800
170059283973537857,150.32930,1.551286,https://lasair.lsst.ac.uk/objects/170059283973537857
170059283976159324,150.74145,1.147752,https://lasair.lsst.ac.uk/objects/170059283976159324
170059284246691982,150.62641,2.386731,https://lasair.lsst.ac.uk/objects/170059284246691982
170050493358276762,150.15674,0.757786,https://lasair.lsst.ac.uk/objects/170050493358276762
170059284738998400,149.63861,2.299392,https://lasair.lsst.ac.uk/objects/170059284738998400
170059284245643276,150.35626,2.000398,https://lasair.lsst.ac.uk/objects/170059284245643276
170054977012629653,150.66022,1.246676,https://lasair.lsst.ac.uk/objects/170054977012629653
170059285521236014,148.91730,2.321502,https://lasair.lsst.ac.uk/objects/170059285521236014
170059285814837346,149.61882,3.293224,https://lasair.lsst.ac.uk/objects/170059285814837346
170059284853293113,148.75274,2.568875,https://lasair.lsst.ac.uk/objects/170059284853293113
170059285672755286,149.45109,2.083661,https://lasair.lsst.ac.uk/objects/170059285672755286
170059284734279739,149.51135,1.593700,https://lasair.lsst.ac.uk/objects/170059284734279739
170059284872167483,149.44012,2.635037,https://lasair.lsst.ac.uk/objects/170059284872167483
170059284332675116,148.95021,2.056340,https://lasair.lsst.ac.uk/objects/170059284332675116
170054976210468959,150.66091,1.246308,https://lasair.lsst.ac.uk/objects/170054976210468959
170054975267274821,150.66166,1.245907,https://lasair.lsst.ac.uk/objects/170054975267274821
170059284333199362,148.91809,2.321073,https://lasair.lsst.ac.uk/objects/170059284333199362
170059286907453522,149.93376,2.605363,https://lasair.lsst.ac.uk/objects/170059286907453522
170059286781100184,150.32864,3.329310,https://lasair.lsst.ac.uk/objects/170059286781100184
170059285524906100,149.05570,2.380437,https://lasair.lsst.ac.uk/objects/170059285524906100
170059285428961286,149.95905,1.685499,https://lasair.lsst.ac.uk/objects/170059285428961286
170059285653356611,148.65935,2.076002,https://lasair.lsst.ac.uk/objects/170059285653356611
170059285842100297,150.32934,3.329150,https://lasair.lsst.ac.uk/objects/170059285842100297
170059286536781851,150.53684,3.384223,https://lasair.lsst.ac.uk/objects/170059286536781851
170059287588503607,150.53608,3.384421,https://lasair.lsst.ac.uk/objects/170059287588503607
170059287023321108,149.43870,2.636007,https://lasair.lsst.ac.uk/objects/170059287023321108
170059284334247976,149.19819,2.097892,https://lasair.lsst.ac.uk/objects/170059284334247976
170059287158587461,149.39480,2.916839,https://lasair.lsst.ac.uk/objects/170059287158587461
170059286797877404,150.84875,2.498908,https://lasair.lsst.ac.uk/objects/170059286797877404
170028525243334693,148.72132,2.890348,https://lasair.lsst.ac.uk/objects/170028525243334693
170059288112267307,149.95707,1.686009,https://lasair.lsst.ac.uk/objects/170059288112267307
170059288670634089,150.47097,1.659626,https://lasair.lsst.ac.uk/objects/170059288670634089
170059288101781576,149.47995,3.466734,https://lasair.lsst.ac.uk/objects/170059288101781576
170059287874240569,150.71437,2.684784,https://lasair.lsst.ac.uk/objects/170059287874240569
170059287989059672,150.52277,3.219569,https://lasair.lsst.ac.uk/objects/170059287989059672
170059287959175236,149.43804,2.636455,https://lasair.lsst.ac.uk/objects/170059287959175236
170059290020151393,151.13219,2.269560,https://lasair.lsst.ac.uk/objects/170059290020151393
170059289689849907,148.62869,2.680613,https://lasair.lsst.ac.uk/objects/170059289689849907
170059289173426187,149.39315,2.917824,https://lasair.lsst.ac.uk/objects/170059289173426187
170059289456017538,150.55220,1.891909,https://lasair.lsst.ac.uk/objects/170059289456017538
170059289556156443,148.86346,2.437771,https://lasair.lsst.ac.uk/objects/170059289556156443
170059289483280413,151.07112,2.211075,https://lasair.lsst.ac.uk/objects/170059289483280413
170059289172901940,149.55393,2.659231,https://lasair.lsst.ac.uk/objects/170059289172901940
170050491578843783,149.10942,3.382904,https://lasair.lsst.ac.uk/objects/170050491578843783
314003015418774187,148.72096,2.890478,https://lasair.lsst.ac.uk/objects/314003015418774187
170059288526454879,149.84218,3.464889,https://lasair.lsst.ac.uk/objects/170059288526454879
170059288788074520,149.93240,2.605648,https://lasair.lsst.ac.uk/objects/170059288788074520
170059288496570446,149.60898,2.178803,https://lasair.lsst.ac.uk/objects/170059288496570446
170059290691764273,150.71266,2.686190,https://lasair.lsst.ac.uk/objects/170059290691764273
170059290123960386,149.95564,1.686377,https://lasair.lsst.ac.uk/objects/170059290123960386
170059289096355977,151.58363,2.307001,https://lasair.lsst.ac.uk/objects/170059289096355977
170059288784928826,150.35313,2.001895,https://lasair.lsst.ac.uk/objects/170059288784928826
170059288784928855,150.42010,1.897076,https://lasair.lsst.ac.uk/objects/170059288784928855
170032907473649691,149.10524,3.381947,https://lasair.lsst.ac.uk/objects/170032907473649691
170032907853758498,149.10454,3.382086,https://lasair.lsst.ac.uk/objects/170032907853758498
170059290695958647,150.52731,3.171741,https://lasair.lsst.ac.uk/objects/170059290695958647
170059290695958663,150.52059,3.220617,https://lasair.lsst.ac.uk/objects/170059290695958663
170059290908819524,150.07219,1.673753,https://lasair.lsst.ac.uk/objects/170059290908819524
170059290908819582,150.14218,1.724183,https://lasair.lsst.ac.uk/objects/170059290908819582
170059292436070454,150.84421,2.500498,https://lasair.lsst.ac.uk/objects/170059292436070454
170059291869839383,150.32423,1.554175,https://lasair.lsst.ac.uk/objects/170059291869839383
170059291883470899,149.73978,3.192270,https://lasair.lsst.ac.uk/objects/170059291883470899
170059292835577869,150.42445,2.526275,https://lasair.lsst.ac.uk/objects/170059292835577869
170059292836102218,150.44989,2.624170,https://lasair.lsst.ac.uk/objects/170059292836102218
170059290957578266,150.27547,2.813119,https://lasair.lsst.ac.uk/objects/170059290957578266
170059289972441146,149.29905,2.208446,https://lasair.lsst.ac.uk/objects/170059289972441146
170059293248192608,149.47762,3.467500,https://lasair.lsst.ac.uk/objects/170059293248192608
170059288224989271,149.19782,2.098081,https://lasair.lsst.ac.uk/objects/170059288224989271
170059293239279712,150.29893,2.782106,https://lasair.lsst.ac.uk/objects/170059293239279712
170059290274955361,149.68873,3.692104,https://lasair.lsst.ac.uk/objects/170059290274955361
170059291181973522,149.72237,1.921471,https://lasair.lsst.ac.uk/objects/170059291181973522
170059294022566028,150.07071,2.554893,https://lasair.lsst.ac.uk/objects/170059294022566028
170059290496204955,148.80794,2.322038,https://lasair.lsst.ac.uk/objects/170059290496204955
170059291453554833,149.33418,3.184157,https://lasair.lsst.ac.uk/objects/170059291453554833
170059291449360443,149.73247,2.042661,https://lasair.lsst.ac.uk/objects/170059291449360443
170059294143676548,149.10097,3.381206,https://lasair.lsst.ac.uk/objects/170059294143676548
170059294806900779,148.91130,2.324757,https://lasair.lsst.ac.uk/objects/170059294806900779
170059290217283702,149.09390,1.276959,https://lasair.lsst.ac.uk/objects/170059290217283702
170059294538465313,148.86018,2.439162,https://lasair.lsst.ac.uk/objects/170059294538465313
170059293915611155,150.67902,2.738792,https://lasair.lsst.ac.uk/objects/170059293915611155
170059291495497806,150.84496,2.500245,https://lasair.lsst.ac.uk/objects/170059291495497806
170046105249120342,149.73066,2.044380,https://lasair.lsst.ac.uk/objects/170046105249120342
170059290938703931,149.42685,2.835176,https://lasair.lsst.ac.uk/objects/170059290938703931
170059295069569071,150.25651,1.420376,https://lasair.lsst.ac.uk/objects/170059295069569071
170059290807107661,149.74028,3.192139,https://lasair.lsst.ac.uk/objects/170059290807107661
170059295993364551,148.66998,2.404495,https://lasair.lsst.ac.uk/objects/170059295993364551
170059295655198836,150.71397,2.376264,https://lasair.lsst.ac.uk/objects/170059295655198836
170059295638421566,150.44759,2.624983,https://lasair.lsst.ac.uk/objects/170059295638421566
170059291868790878,150.14134,1.724148,https://lasair.lsst.ac.uk/objects/170059291868790878
170059291874558056,150.16765,2.281082,https://lasair.lsst.ac.uk/objects/170059291874558056
170059296445825063,149.47611,3.467992,https://lasair.lsst.ac.uk/objects/170059296445825063
170059296482525220,151.50482,2.662296,https://lasair.lsst.ac.uk/objects/170059296482525220
170028512418201742,150.76816,2.445514,https://lasair.lsst.ac.uk/objects/170028512418201742
170059297395310765,150.88835,2.206365,https://lasair.lsst.ac.uk/objects/170059297395310765
170054986574069762,150.00940,2.423511,https://lasair.lsst.ac.uk/objects/170054986574069762
170059297005240457,150.79676,3.604907,https://lasair.lsst.ac.uk/objects/170059297005240457
313972182554771504,149.04654,1.763550,https://lasair.lsst.ac.uk/objects/313972182554771504
170059297676328980,150.38682,3.345908,https://lasair.lsst.ac.uk/objects/170059297676328980
170059297775943704,150.47159,1.853289,https://lasair.lsst.ac.uk/objects/170059297775943704
170059297522712712,149.60593,3.724526,https://lasair.lsst.ac.uk/objects/170059297522712712
170059291868790824,150.07155,1.674052,https://lasair.lsst.ac.uk/objects/170059291868790824
170059298761080960,150.38615,3.346305,https://lasair.lsst.ac.uk/objects/170059298761080960
170059297804255278,150.67635,2.739489,https://lasair.lsst.ac.uk/objects/170059297804255278
170059299392847876,150.05060,2.420107,https://lasair.lsst.ac.uk/objects/170059299392847876
170059300220174360,150.26917,2.816650,https://lasair.lsst.ac.uk/objects/170059300220174360
313972183359553545,149.04607,1.763426,https://lasair.lsst.ac.uk/objects/313972183359553545
170059299127033987,149.68237,2.456003,https://lasair.lsst.ac.uk/objects/170059299127033987
170059299129131057,149.54587,2.661366,https://lasair.lsst.ac.uk/objects/170059299129131057
170059299235037235,149.83286,1.770880,https://lasair.lsst.ac.uk/objects/170059299235037235
170059298871181439,150.83900,2.502335,https://lasair.lsst.ac.uk/objects/170059298871181439
170059292977659926,150.38985,3.344127,https://lasair.lsst.ac.uk/objects/170059292977659926
170059300458201268,150.46323,1.664535,https://lasair.lsst.ac.uk/objects/170059300458201268
170059293779296336,151.20028,2.503102,https://lasair.lsst.ac.uk/objects/170059293779296336
170050493652402237,149.99987,1.165255,https://lasair.lsst.ac.uk/objects/170050493652402237
170059293577445386,148.65365,2.081134,https://lasair.lsst.ac.uk/objects/170059293577445386
170059293464199237,149.20124,2.790489,https://lasair.lsst.ac.uk/objects/170059293464199237
170059301718589552,150.29326,3.682655,https://lasair.lsst.ac.uk/objects/170059301718589552
170059294027284532,149.73878,3.192522,https://lasair.lsst.ac.uk/objects/170059294027284532
170059293216210970,150.35008,2.003372,https://lasair.lsst.ac.uk/objects/170059293216210970
170059302619840580,148.74008,2.576236,https://lasair.lsst.ac.uk/objects/170059302619840580
170059300621778981,150.67438,2.739994,https://lasair.lsst.ac.uk/objects/170059300621778981
170059289347489832,150.88804,2.304138,https://lasair.lsst.ac.uk/objects/170059289347489832
170059301783076935,149.78924,1.654875,https://lasair.lsst.ac.uk/objects/170059301783076935
170059294165696530,149.47717,3.467639,https://lasair.lsst.ac.uk/objects/170059294165696530
170059300998217846,150.89596,2.384875,https://lasair.lsst.ac.uk/objects/170059300998217846
170059291446738981,149.19739,2.098294,https://lasair.lsst.ac.uk/objects/170059291446738981
170059290380861517,149.28359,2.516425,https://lasair.lsst.ac.uk/objects/170059290380861517
170059302723649545,149.95915,1.631097,https://lasair.lsst.ac.uk/objects/170059302723649545
170059293576921217,148.82685,1.986991,https://lasair.lsst.ac.uk/objects/170059293576921217
170059301805621379,150.00538,2.206269,https://lasair.lsst.ac.uk/objects/170059301805621379
170059295320178810,149.09848,1.158792,https://lasair.lsst.ac.uk/objects/170059295320178810
170059295601721374,149.48695,1.074225,https://lasair.lsst.ac.uk/objects/170059295601721374
170059295223185489,150.83160,1.317749,https://lasair.lsst.ac.uk/objects/170059295223185489
170059299953836039,150.11563,2.796562,https://lasair.lsst.ac.uk/objects/170059299953836039
170059300045062237,149.16959,2.489070,https://lasair.lsst.ac.uk/objects/170059300045062237
170059298562375752,149.46615,1.874055,https://lasair.lsst.ac.uk/objects/170059298562375752
170059300998217814,150.81998,2.355201,https://lasair.lsst.ac.uk/objects/170059300998217814
170059299561668729,151.42583,2.731459,https://lasair.lsst.ac.uk/objects/170059299561668729
170059296077774917,151.50393,2.148485,https://lasair.lsst.ac.uk/objects/170059296077774917
170059300470259755,149.74807,2.557278,https://lasair.lsst.ac.uk/objects/170059300470259755
170059302834798722,150.44317,1.080630,https://lasair.lsst.ac.uk/objects/170059302834798722
170059295395676185,149.47661,3.467826,https://lasair.lsst.ac.uk/objects/170059295395676185
170059305564766271,150.16023,2.281721,https://lasair.lsst.ac.uk/objects/170059305564766271
170059302524944391,149.80853,3.679681,https://lasair.lsst.ac.uk/objects/170059302524944391
170059295492145223,149.79346,1.653530,https://lasair.lsst.ac.uk/objects/170059295492145223
170059301173854319,151.11299,3.453435,https://lasair.lsst.ac.uk/objects/170059301173854319
170059298594357356,149.16556,2.945824,https://lasair.lsst.ac.uk/objects/170059298594357356
170059301659869356,148.90353,2.739558,https://lasair.lsst.ac.uk/objects/170059301659869356
170059295075336308,149.19708,2.098443,https://lasair.lsst.ac.uk/objects/170059295075336308
170059297540538498,150.28899,3.594310,https://lasair.lsst.ac.uk/objects/170059297540538498
170059297804779582,151.19694,2.505080,https://lasair.lsst.ac.uk/objects/170059297804779582
170059297521139820,149.47563,3.468152,https://lasair.lsst.ac.uk/objects/170059297521139820
170059296571654165,150.00916,2.205295,https://lasair.lsst.ac.uk/objects/170059296571654165
170059302097649734,150.14620,2.729551,https://lasair.lsst.ac.uk/objects/170059302097649734
170059305536979045,149.46045,1.875280,https://lasair.lsst.ac.uk/objects/170059305536979045
170059298957164626,151.06867,1.418495,https://lasair.lsst.ac.uk/objects/170059298957164626
170059298993340568,149.24908,2.862466,https://lasair.lsst.ac.uk/objects/170059298993340568
170059301531942990,150.59086,1.595324,https://lasair.lsst.ac.uk/objects/170059301531942990
170059301766823986,148.82550,1.152106,https://lasair.lsst.ac.uk/objects/170059301766823986
170059302629802114,150.67304,2.740342,https://lasair.lsst.ac.uk/objects/170059302629802114
170059302978977933,149.08589,1.465681,https://lasair.lsst.ac.uk/objects/170059302978977933
170059303553073233,150.44407,2.357779,https://lasair.lsst.ac.uk/objects/170059303553073233
170059296280674337,149.28315,2.516632,https://lasair.lsst.ac.uk/objects/170059296280674337
170059301828165664,150.70866,2.378236,https://lasair.lsst.ac.uk/objects/170059301828165664
313967766682992650,149.26200,1.292609,https://lasair.lsst.ac.uk/objects/313967766682992650
170059303551500365,150.16132,2.281641,https://lasair.lsst.ac.uk/objects/170059303551500365
170059303534198818,149.73433,3.193643,https://lasair.lsst.ac.uk/objects/170059303534198818
313871015676477479,150.23983,1.433929,https://lasair.lsst.ac.uk/objects/313871015676477479
170059308889276499,150.74027,1.123367,https://lasair.lsst.ac.uk/objects/170059308889276499
170059304203714598,149.19409,2.794930,https://lasair.lsst.ac.uk/objects/170059304203714598
170059303560413250,150.28357,3.594987,https://lasair.lsst.ac.uk/objects/170059303560413250
170059313235099706,151.48543,2.151088,https://lasair.lsst.ac.uk/objects/170059313235099706
170059309029785688,149.56451,1.649700,https://lasair.lsst.ac.uk/objects/170059309029785688
170059307286528061,149.45693,1.876043,https://lasair.lsst.ac.uk/objects/170059307286528061
170059307307499583,150.16369,1.814341,https://lasair.lsst.ac.uk/objects/170059307307499583
170059307314839619,149.37603,2.928106,https://lasair.lsst.ac.uk/objects/170059307314839619
170059307292819553,149.16208,2.552444,https://lasair.lsst.ac.uk/objects/170059307292819553
170059307342626927,149.59591,3.727004,https://lasair.lsst.ac.uk/objects/170059307342626927
170059310928756752,150.58244,1.602910,https://lasair.lsst.ac.uk/objects/170059310928756752
170059314132680708,149.70137,1.927414,https://lasair.lsst.ac.uk/objects/170059314132680708
170059313190010955,149.55627,1.516831,https://lasair.lsst.ac.uk/objects/170059313190010955
170059314291015802,150.13551,2.734684,https://lasair.lsst.ac.uk/objects/170059314291015802
170059310279688210,150.74575,1.864945,https://lasair.lsst.ac.uk/objects/170059310279688210
170059314831556620,150.28822,2.789807,https://lasair.lsst.ac.uk/objects/170059314831556620
170059312179183664,151.10154,3.460838,https://lasair.lsst.ac.uk/objects/170059312179183664
170059316299038735,150.88148,2.388189,https://lasair.lsst.ac.uk/objects/170059316299038735
170059313338908774,150.81346,1.326802,https://lasair.lsst.ac.uk/objects/170059313338908774
170059313226186858,149.46689,3.471074,https://lasair.lsst.ac.uk/objects/170059313226186858
170059308223430762,150.10843,1.463807,https://lasair.lsst.ac.uk/objects/170059308223430762
170059307859050584,151.49092,2.150312,https://lasair.lsst.ac.uk/objects/170059307859050584
170059314794332215,149.75773,0.942751,https://lasair.lsst.ac.uk/objects/170059314794332215
170059314131107874,149.77855,1.658297,https://lasair.lsst.ac.uk/objects/170059314131107874
170059313193680983,149.71671,2.056488,https://lasair.lsst.ac.uk/objects/170059313193680983
170059307328995358,150.88913,2.386442,https://lasair.lsst.ac.uk/objects/170059307328995358
170059314971017282,150.27991,3.686873,https://lasair.lsst.ac.uk/objects/170059314971017282
170032905100722272,150.53035,3.622973,https://lasair.lsst.ac.uk/objects/170032905100722272
170019716344053845,150.89249,3.103420,https://lasair.lsst.ac.uk/objects/170019716344053845
170059283425656877,150.84283,2.963673,https://lasair.lsst.ac.uk/objects/170059283425656877
170059315245744213,150.82014,1.594636,https://lasair.lsst.ac.uk/objects/170059315245744213
170046118628425840,148.84093,1.311810,https://lasair.lsst.ac.uk/objects/170046118628425840
170046118714933357,151.60240,2.769913,https://lasair.lsst.ac.uk/objects/170046118714933357
170019716273274936,149.68113,1.112467,https://lasair.lsst.ac.uk/objects/170019716273274936
170032909890617440,149.48466,3.332327,https://lasair.lsst.ac.uk/objects/170032909890617440
170032902615597106,148.62856,2.277083,https://lasair.lsst.ac.uk/objects/170032902615597106
314011776492503170,149.80858,1.287491,https://lasair.lsst.ac.uk/objects/314011776492503170
170296772018569382,150.23392,1.438937,https://lasair.lsst.ac.uk/objects/170296772018569382
170296772057890903,150.09647,3.606046,https://lasair.lsst.ac.uk/objects/170296772057890903
313853517668810773,149.74857,3.701663,https://lasair.lsst.ac.uk/objects/313853517668810773
170094456349392906,148.71159,2.431375,https://lasair.lsst.ac.uk/objects/170094456349392906
170028512378355855,148.87030,2.893782,https://lasair.lsst.ac.uk/objects/170028512378355855
170389126983975053,150.72821,3.180039,https://lasair.lsst.ac.uk/objects/170389126983975053
170094456400773135,149.63569,1.269349,https://lasair.lsst.ac.uk/objects/170094456400773135
170389127011762257,151.26642,1.378210,https://lasair.lsst.ac.uk/objects/170389127011762257
170094456357257301,150.03260,3.024187,https://lasair.lsst.ac.uk/objects/170094456357257301
170411111982563347,150.49675,3.473410,https://lasair.lsst.ac.uk/objects/170411111982563347
170028516424810674,149.84988,2.248019,https://lasair.lsst.ac.uk/objects/170028516424810674
170046118816120912,149.52499,3.136415,https://lasair.lsst.ac.uk/objects/170046118816120912
314007379825918035,149.54225,3.239435,https://lasair.lsst.ac.uk/objects/314007379825918035
170028500601274497,150.22383,1.095958,https://lasair.lsst.ac.uk/objects/170028500601274497
170028510957535390,150.81870,1.074048,https://lasair.lsst.ac.uk/objects/170028510957535390
170226393351716950,150.40367,3.103615,https://lasair.lsst.ac.uk/objects/170226393351716950
170028500561428629,149.55845,2.668454,https://lasair.lsst.ac.uk/objects/170028500561428629
313972183335436456,148.65785,2.294747,https://lasair.lsst.ac.uk/objects/313972183335436456
170226393301385313,148.72092,2.580763,https://lasair.lsst.ac.uk/objects/170226393301385313
170028510676516998,151.33658,2.186835,https://lasair.lsst.ac.uk/objects/170028510676516998
170534263013769303,151.10631,1.124549,https://lasair.lsst.ac.uk/objects/170534263013769303
170534263022157915,149.53835,1.435146,https://lasair.lsst.ac.uk/objects/170534263022157915
170028500600750248,150.25694,1.586473,https://lasair.lsst.ac.uk/objects/170028500600750248
313853517481115734,150.88527,0.794143,https://lasair.lsst.ac.uk/objects/313853517481115734
313853517419249672,149.52558,2.744415,https://lasair.lsst.ac.uk/objects/313853517419249672
170028511037751456,150.40044,3.679629,https://lasair.lsst.ac.uk/objects/170028511037751456
170028510880989380,149.44422,3.598054,https://lasair.lsst.ac.uk/objects/170028510880989380
170411112000913487,151.16353,2.507448,https://lasair.lsst.ac.uk/objects/170411112000913487
313853517419249797,149.44407,2.548380,https://lasair.lsst.ac.uk/objects/313853517419249797
170028510695916335,151.59258,1.158332,https://lasair.lsst.ac.uk/objects/170028510695916335
170028514431467655,150.43968,2.541448,https://lasair.lsst.ac.uk/objects/170028514431467655
